﻿STAFF_ID,FIRST_NAME,LAST_NAME,EMAIL_ADDRESS,PASSWD,PHONE_NUMBER,SSN,DATE_OF_JOINING,SALARY,STORE_ID,ROLE
201,Steven,Jones,stevenjones@reddit.com,1234567890,8290915523,837540856,3/30/09,36222,1,S
202,Luke,Coutinho,lukecoutinho@yahoo.com,1234567890,2863125565,780850676,11/20/14,45840,1,S
203,Arnold,Palmer,arnoldpalmer@yahoo.com,1234567890,3855467881,414704076,3/14/03,39602,1,M
204,Sebastian,Willams,sebastianwillaims@gmail.com,1234567890,4123456789,504409575,3/31/11,31956,2,S
205,Emma,Fernadez,emmafernandiz@gmail.com,1234567890,5670986752,690525890,7/8/10,37054,2,M
206,Joshua,Zacharia,joshuazacharia@gmail.com,1234567890,2678901234,451830455,5/19/18,38077,2,S
207,Samantha,Sanchez,samathasanchez@gmail.com,1234567890,9895671209,539311187,4/13/08,37006,3,M
208,Mike ,Clark,mikeclark@hotmail.com,1234567890,4123045678,145658764,6/3/10,38686,3,S
209,Charlotte,Hill,charlottehill@hotmail.com,1234567890,9082444771,895775139,12/7/06,36204,3,S